<assembly
  xmlns:xsi="http://www.w3.org/2001/XMLSchema-instance"
  xmlns="http://maven.apache.org/plugins/maven-assembly-plugin/assembly/1.1.0"
  xsi:schemaLocation="http://maven.apache.org/plugins/maven-assembly-plugin/assembly/1.1.0 http://maven.apache.org/xsd/assembly-1.1.0.xsd">
  <id>assembly</id>
  <formats>
    <format>jar</format>
  </formats>

  <includeBaseDirectory>false</includeBaseDirectory>

  <dependencySets>
    <dependencySet>
      <unpack>true</unpack>
      <useProjectArtifact>false</useProjectArtifact>
      <excludes>
        <exclude>org.scala-lang:scala-library</exclude>
      </excludes>
      <useTransitiveDependencies>true</useTransitiveDependencies>
    </dependencySet>
  </dependencySets>
</assembly>
